{"textures":{"1":"modelengine:entity/copper_golem"},"elements":[{"from":[3.6,10.466762,1.834918],"to":[12.200001,16.066761,8.834918],"faces":{"east":{"uv":[0.0,3.0625,1.09375,3.9375],"tintindex":0,"rotation":0,"texture":"#1"},"south":{"uv":[3.53125,3.0625,4.875,3.9375],"tintindex":0,"rotation":0,"texture":"#1"},"north":{"uv":[1.09375,3.0625,2.4375,3.9375],"tintindex":0,"rotation":0,"texture":"#1"},"west":{"uv":[2.4375,3.0625,3.53125,3.9375],"tintindex":0,"rotation":0,"texture":"#1"},"up":{"uv":[2.4375,3.0625,1.09375,1.96875],"tintindex":0,"rotation":0,"texture":"#1"},"down":{"uv":[3.78125,1.96875,2.4375,3.0625],"tintindex":0,"rotation":0,"texture":"#1"}}},{"from":[0.19999981,16.400002,6.8],"to":[16.0,23.6,12.200001],"faces":{"east":{"uv":[0.0,0.84375,0.84375,1.96875],"tintindex":0,"rotation":0,"texture":"#1"},"south":{"uv":[4.15625,0.84375,6.625,1.96875],"tintindex":0,"rotation":0,"texture":"#1"},"north":{"uv":[0.84375,0.84375,3.3125,1.96875],"tintindex":0,"rotation":0,"texture":"#1"},"west":{"uv":[3.3125,0.84375,4.15625,1.96875],"tintindex":0,"rotation":0,"texture":"#1"},"up":{"uv":[3.3125,0.84375,0.84375,0.0],"tintindex":0,"rotation":0,"texture":"#1"},"down":{"uv":[5.78125,0.0,3.3125,0.84375],"tintindex":0,"rotation":0,"texture":"#1"}},"rotation":{"origin":[8.0,23.6,10.0],"angle":45.0,"axis":"x"}},{"from":[6.2,15.6,4.0],"to":[9.8,20.400002,7.2],"faces":{"east":{"uv":[8.0,3.96875,8.5,4.71875],"tintindex":0,"rotation":0,"texture":"#1"},"south":{"uv":[9.5625,3.96875,10.125,4.71875],"tintindex":0,"rotation":0,"texture":"#1"},"north":{"uv":[8.5,3.96875,9.0625,4.71875],"tintindex":0,"rotation":0,"texture":"#1"},"west":{"uv":[9.0625,3.96875,9.5625,4.71875],"tintindex":0,"rotation":0,"texture":"#1"},"up":{"uv":[9.0625,3.96875,8.5,3.46875],"tintindex":0,"rotation":0,"texture":"#1"},"down":{"uv":[9.625,3.46875,9.0625,3.96875],"tintindex":0,"rotation":0,"texture":"#1"}}},{"from":[6.2,23.400002,9.2],"to":[9.8,29.2,12.4],"faces":{"east":{"uv":[7.15625,2.5625,7.65625,3.46875],"tintindex":0,"rotation":0,"texture":"#1"},"south":{"uv":[8.71875,2.5625,9.28125,3.46875],"tintindex":0,"rotation":0,"texture":"#1"},"north":{"uv":[7.65625,2.5625,8.21875,3.46875],"tintindex":0,"rotation":0,"texture":"#1"},"west":{"uv":[8.21875,2.5625,8.71875,3.46875],"tintindex":0,"rotation":0,"texture":"#1"},"up":{"uv":[8.21875,2.5625,7.65625,2.0625],"tintindex":0,"rotation":0,"texture":"#1"},"down":{"uv":[8.78125,2.0625,8.21875,2.5625],"tintindex":0,"rotation":0,"texture":"#1"}},"rotation":{"origin":[8.0,26.6,9.0],"angle":45.0,"axis":"x"}}],"display":{"gui":{"rotation":[30,225,0]}}}