{"textures":{"1":"modelengine:entity/copper_golem"},"elements":[{"from":[10.25,-3.1665478,1.2936478],"to":[16.5,15.333454,8.043648],"faces":{"east":{"uv":[4.75,3.9375,5.59375,6.25],"tintindex":0,"rotation":0,"texture":"#1"},"south":{"uv":[7.21875,3.9375,8.0,6.25],"tintindex":0,"rotation":0,"texture":"#1"},"north":{"uv":[5.59375,3.9375,6.375,6.25],"tintindex":0,"rotation":0,"texture":"#1"},"west":{"uv":[6.375,3.9375,7.21875,6.25],"tintindex":0,"rotation":0,"texture":"#1"},"up":{"uv":[6.375,3.9375,5.59375,3.09375],"tintindex":0,"rotation":0,"texture":"#1"},"down":{"uv":[7.15625,3.09375,6.375,3.9375],"tintindex":0,"rotation":0,"texture":"#1"}}},{"from":[10.75,-14.486551,2.2155828],"to":[15.5,-2.9865513,7.2155824],"faces":{"east":{"uv":[6.625,0.625,7.25,2.0625],"tintindex":0,"rotation":0,"texture":"#1"},"south":{"uv":[8.46875,0.625,9.0625,2.0625],"tintindex":0,"rotation":0,"texture":"#1"},"north":{"uv":[7.25,0.625,7.84375,2.0625],"tintindex":0,"rotation":0,"texture":"#1"},"west":{"uv":[7.84375,0.625,8.46875,2.0625],"tintindex":0,"rotation":0,"texture":"#1"},"up":{"uv":[7.84375,0.625,7.25,0.0],"tintindex":0,"rotation":0,"texture":"#1"},"down":{"uv":[8.4375,0.0,7.84375,0.625],"tintindex":0,"rotation":0,"texture":"#1"}}}],"display":{"gui":{"rotation":[30,225,0]}}}