{"textures":{"1":"modelengine:entity/copper_golem"},"elements":[{"from":[11.0,0.111269474,-0.941803],"to":[19.333334,17.777937,8.058197],"faces":{"east":{"uv":[3.25,7.09375,4.09375,8.75],"tintindex":0,"rotation":0,"texture":"#1"},"south":{"uv":[5.71875,7.09375,6.5,8.75],"tintindex":0,"rotation":0,"texture":"#1"},"north":{"uv":[4.09375,7.09375,4.875,8.75],"tintindex":0,"rotation":0,"texture":"#1"},"west":{"uv":[4.875,7.09375,5.71875,8.75],"tintindex":0,"rotation":0,"texture":"#1"},"up":{"uv":[4.875,7.09375,4.09375,6.25],"tintindex":0,"rotation":0,"texture":"#1"},"down":{"uv":[5.65625,6.25,4.875,7.09375],"tintindex":0,"rotation":0,"texture":"#1"}}},{"from":[12.333334,-12.982069,0.28744364],"to":[18.666668,2.351265,6.95411],"faces":{"east":{"uv":[6.625,0.625,7.25,2.0625],"tintindex":0,"rotation":0,"texture":"#1"},"south":{"uv":[8.46875,0.625,9.0625,2.0625],"tintindex":0,"rotation":0,"texture":"#1"},"north":{"uv":[7.25,0.625,7.84375,2.0625],"tintindex":0,"rotation":0,"texture":"#1"},"west":{"uv":[7.84375,0.625,8.46875,2.0625],"tintindex":0,"rotation":0,"texture":"#1"},"up":{"uv":[7.84375,0.625,7.25,0.0],"tintindex":0,"rotation":0,"texture":"#1"},"down":{"uv":[8.4375,0.0,7.84375,0.625],"tintindex":0,"rotation":0,"texture":"#1"}}}],"display":{"gui":{"rotation":[30,225,0]}}}