{"textures":{"1":"modelengine:entity/copper_golem"},"elements":[{"from":[11.666667,-12.982069,0.28744364],"to":[18.0,2.351265,6.95411],"faces":{"east":{"uv":[6.5,6.875,7.125,8.3125],"tintindex":0,"rotation":0,"texture":"#1"},"south":{"uv":[8.34375,6.875,8.9375,8.3125],"tintindex":0,"rotation":0,"texture":"#1"},"north":{"uv":[7.125,6.875,7.71875,8.3125],"tintindex":0,"rotation":0,"texture":"#1"},"west":{"uv":[7.71875,6.875,8.34375,8.3125],"tintindex":0,"rotation":0,"texture":"#1"},"up":{"uv":[7.71875,6.875,7.125,6.25],"tintindex":0,"rotation":0,"texture":"#1"},"down":{"uv":[8.3125,6.25,7.71875,6.875],"tintindex":0,"rotation":0,"texture":"#1"}}},{"from":[11.0,0.111269474,-0.941803],"to":[19.333334,17.777937,8.058197],"faces":{"east":{"uv":[0.0,6.46875,0.84375,8.125],"tintindex":0,"rotation":0,"texture":"#1"},"south":{"uv":[2.46875,6.46875,3.25,8.125],"tintindex":0,"rotation":0,"texture":"#1"},"north":{"uv":[0.84375,6.46875,1.625,8.125],"tintindex":0,"rotation":0,"texture":"#1"},"west":{"uv":[1.625,6.46875,2.46875,8.125],"tintindex":0,"rotation":0,"texture":"#1"},"up":{"uv":[1.625,6.46875,0.84375,5.625],"tintindex":0,"rotation":0,"texture":"#1"},"down":{"uv":[2.40625,5.625,1.625,6.46875],"tintindex":0,"rotation":0,"texture":"#1"}}}],"display":{"gui":{"rotation":[30,225,0]}}}