{"textures":{"0":"modelengine:entity/copper_golem"},"elements":[{"from":[10.25,-0.16654778,1.2936478],"to":[16.5,15.333454,8.043648],"faces":{"east":{"uv":[4.03125,6.46875,4.875,8.40625],"tintindex":0,"rotation":0,"texture":"#0"},"south":{"uv":[6.5,6.46875,7.28125,8.40625],"tintindex":0,"rotation":0,"texture":"#0"},"north":{"uv":[4.875,6.46875,5.65625,8.40625],"tintindex":0,"rotation":0,"texture":"#0"},"west":{"uv":[5.65625,6.46875,6.5,8.40625],"tintindex":0,"rotation":0,"texture":"#0"},"up":{"uv":[5.65625,6.46875,4.875,5.625],"tintindex":0,"rotation":0,"texture":"#0"},"down":{"uv":[6.4375,5.625,5.65625,6.46875],"tintindex":0,"rotation":0,"texture":"#0"}},"rotation":{"origin":[8.0,18.0,8.25],"angle":-22.5,"axis":"x"}},{"from":[10.75,-11.236551,5.9655824],"to":[15.5,0.26344872,10.965583],"faces":{"east":{"uv":[2.625,9.03125,3.25,10.46875],"tintindex":0,"rotation":0,"texture":"#0"},"south":{"uv":[4.46875,9.03125,5.0625,10.46875],"tintindex":0,"rotation":0,"texture":"#0"},"north":{"uv":[3.25,9.03125,3.84375,10.46875],"tintindex":0,"rotation":0,"texture":"#0"},"west":{"uv":[3.84375,9.03125,4.46875,10.46875],"tintindex":0,"rotation":0,"texture":"#0"},"up":{"uv":[3.84375,9.03125,3.25,8.40625],"tintindex":0,"rotation":0,"texture":"#0"},"down":{"uv":[4.4375,8.40625,3.84375,9.03125],"tintindex":0,"rotation":0,"texture":"#0"}}}],"display":{"gui":{"rotation":[30,225,0]}}}